Name,Birthdate,Gender,Address
김예진,1978-11-27,Female,서울 서구 7길 69
최서준,1996-09-26,Female,대구 서구 13길 88
이지예,1958-08-31,Female,서울 중구 34로 26
박준영,1986-08-30,Female,부산 강서구 15길 61
장예지,1978-10-17,Female,부산 강서구 71길 43
김예지,1957-11-29,Female,대구 중구 66로 19
최예지,1996-03-26,Female,대구 중구 88로 73
장은지,1983-09-02,Male,서울 중구 27로 92
강하은,1950-02-10,Female,대구 중구 91길 33
박은지,1955-07-29,Male,광주 남구 75길 67
최승현,1994-07-26,Male,광주 남구 2길 67
김예진,1988-04-02,Female,대구 강서구 67로 17
장예지,1951-05-20,Female,대구 강서구 95길 12
강준영,1999-01-19,Female,대구 서구 39로 78
이하은,1983-03-30,Male,광주 남구 72길 77
김지예,1974-06-20,Female,서울 중구 70로 71
장서준,1954-12-24,Male,대구 중구 65로 91
강하은,1978-07-25,Female,서울 남구 74로 66
김예지,1956-12-22,Male,서울 남구 96길 59
장승현,1990-10-08,Male,대구 남구 22로 59
이지예,1963-12-04,Male,대구 중구 73로 95
박준영,1991-11-04,Female,대구 강서구 76길 37
조예진,1968-01-17,Female,서울 남구 38로 56
김하은,1997-04-07,Female,서울 서구 84길 54
강예진,1974-10-06,Male,대구 중구 74길 11
이승현,1966-12-21,Male,대구 중구 47길 56
김은지,1993-04-23,Female,대구 서구 5로 34
강예지,1991-09-05,Female,서울 서구 85로 57
강은지,1997-06-25,Female,부산 중구 75로 19
김은지,1988-01-27,Female,대구 서구 82길 69
